-- MySQL dump 10.13  Distrib 5.6.39, for macos10.13 (x86_64)
--
-- Host: localhost    Database: training_sample
-- ------------------------------------------------------
-- Server version	5.6.39

/*!40101 SET @OLD_CHARACTER_SET_CLIENT=@@CHARACTER_SET_CLIENT */;
/*!40101 SET @OLD_CHARACTER_SET_RESULTS=@@CHARACTER_SET_RESULTS */;
/*!40101 SET @OLD_COLLATION_CONNECTION=@@COLLATION_CONNECTION */;
/*!40101 SET NAMES utf8 */;
/*!40103 SET @OLD_TIME_ZONE=@@TIME_ZONE */;
/*!40103 SET TIME_ZONE='+00:00' */;
/*!40014 SET @OLD_UNIQUE_CHECKS=@@UNIQUE_CHECKS, UNIQUE_CHECKS=0 */;
/*!40014 SET @OLD_FOREIGN_KEY_CHECKS=@@FOREIGN_KEY_CHECKS, FOREIGN_KEY_CHECKS=0 */;
/*!40101 SET @OLD_SQL_MODE=@@SQL_MODE, SQL_MODE='NO_AUTO_VALUE_ON_ZERO' */;
/*!40111 SET @OLD_SQL_NOTES=@@SQL_NOTES, SQL_NOTES=0 */;

--
-- Table structure for table `marks`
--

DROP TABLE IF EXISTS `marks`;
/*!40101 SET @saved_cs_client     = @@character_set_client */;
/*!40101 SET character_set_client = utf8 */;
CREATE TABLE `marks` (
  `id` bigint(19) NOT NULL AUTO_INCREMENT,
  `student_id` bigint(19) NOT NULL,
  `subject_id` bigint(19) NOT NULL,
  `quarterly` int(11) NOT NULL DEFAULT '0',
  `half_yearly` int(11) NOT NULL DEFAULT '0',
  `annual` int(11) NOT NULL DEFAULT '0',
  `year` int(11) DEFAULT NULL,
  `grade` int(11) DEFAULT NULL,
  `created_at` timestamp NOT NULL DEFAULT CURRENT_TIMESTAMP,
  `updated_at` datetime DEFAULT CURRENT_TIMESTAMP ON UPDATE CURRENT_TIMESTAMP,
  PRIMARY KEY (`id`),
  KEY `fk_marks_student_id` (`student_id`),
  CONSTRAINT `fk_marks_student_id` FOREIGN KEY (`student_id`) REFERENCES `students` (`id`) ON DELETE CASCADE
) ENGINE=InnoDB AUTO_INCREMENT=1126 DEFAULT CHARSET=latin1;
/*!40101 SET character_set_client = @saved_cs_client */;

--
-- Dumping data for table `marks`
--

LOCK TABLES `marks` WRITE;
/*!40000 ALTER TABLE `marks` DISABLE KEYS */;
INSERT INTO `marks` VALUES (1001,100001,1,0,79,91,2003,6,'2018-02-15 06:06:39','2018-02-15 11:36:39'),(1002,100002,1,35,49,77,2003,6,'2018-02-15 06:06:39','2018-02-15 11:36:39'),(1003,100003,1,100,97,95,2003,6,'2018-02-15 06:06:39','2018-02-15 11:36:39'),(1004,100004,1,38,38,65,2003,6,'2018-02-15 06:06:39','2018-02-15 11:36:39'),(1005,100005,1,73,40,100,2003,6,'2018-02-15 06:06:39','2018-02-15 11:36:39'),(1006,100001,2,0,30,76,2003,6,'2018-02-15 06:06:39','2018-02-15 11:36:39'),(1007,100002,2,37,45,87,2003,6,'2018-02-15 06:06:39','2018-02-15 11:36:39'),(1008,100003,2,93,91,98,2003,6,'2018-02-15 06:06:39','2018-02-15 11:36:39'),(1009,100004,2,93,59,63,2003,6,'2018-02-15 06:06:39','2018-02-15 11:36:39'),(1010,100005,2,34,89,45,2003,6,'2018-02-15 06:06:39','2018-02-15 11:36:39'),(1011,100001,3,0,86,89,2003,6,'2018-02-15 06:06:39','2018-02-15 11:36:39'),(1012,100002,3,46,76,48,2003,6,'2018-02-15 06:06:39','2018-02-15 11:36:39'),(1013,100003,3,46,0,83,2003,6,'2018-02-15 06:06:39','2018-02-15 11:36:39'),(1014,100004,3,71,74,31,2003,6,'2018-02-15 06:06:39','2018-02-15 11:36:39'),(1015,100005,3,34,54,36,2003,6,'2018-02-15 06:06:39','2018-02-15 11:36:39'),(1016,100001,4,0,0,80,2003,6,'2018-02-15 06:06:39','2018-02-15 11:36:39'),(1017,100002,4,52,43,31,2003,6,'2018-02-15 06:06:39','2018-02-15 11:36:39'),(1018,100003,4,91,95,99,2003,6,'2018-02-15 06:06:39','2018-02-15 11:36:39'),(1019,100004,4,46,76,39,2003,6,'2018-02-15 06:06:39','2018-02-15 11:36:39'),(1020,100005,4,80,41,94,2003,6,'2018-02-15 06:06:39','2018-02-15 11:36:39'),(1021,100001,5,0,31,88,2003,6,'2018-02-15 06:06:39','2018-02-15 11:36:39'),(1022,100002,5,33,44,53,2003,6,'2018-02-15 06:06:39','2018-02-15 11:36:39'),(1023,100003,5,98,92,90,2003,6,'2018-02-15 06:06:39','2018-02-15 11:36:39'),(1024,100004,5,52,63,63,2003,6,'2018-02-15 06:06:39','2018-02-15 11:36:39'),(1025,100005,5,56,60,48,2003,6,'2018-02-15 06:06:39','2018-02-15 11:36:39'),(1026,100001,1,59,34,57,2004,7,'2018-02-15 06:06:39','2018-02-15 11:36:39'),(1027,100002,1,47,37,94,2004,7,'2018-02-15 06:06:39','2018-02-15 11:36:39'),(1028,100003,1,47,80,97,2004,7,'2018-02-15 06:06:39','2018-02-15 11:36:39'),(1029,100004,1,89,43,68,2004,7,'2018-02-15 06:06:39','2018-02-15 11:36:39'),(1030,100005,1,72,82,47,2004,7,'2018-02-15 06:06:39','2018-02-15 11:36:39'),(1031,100001,2,44,54,31,2004,7,'2018-02-15 06:06:39','2018-02-15 11:36:39'),(1032,100002,2,85,96,89,2004,7,'2018-02-15 06:06:39','2018-02-15 11:36:39'),(1033,100003,2,84,63,57,2004,7,'2018-02-15 06:06:39','2018-02-15 11:36:39'),(1034,100004,2,83,97,53,2004,7,'2018-02-15 06:06:39','2018-02-15 11:36:39'),(1035,100005,2,53,30,80,2004,7,'2018-02-15 06:06:39','2018-02-15 11:36:39'),(1036,100001,3,44,90,54,2004,7,'2018-02-15 06:06:39','2018-02-15 11:36:39'),(1037,100002,3,53,36,87,2004,7,'2018-02-15 06:06:39','2018-02-15 11:36:39'),(1038,100003,3,64,55,39,2004,7,'2018-02-15 06:06:39','2018-02-15 11:36:39'),(1039,100004,3,95,36,54,2004,7,'2018-02-15 06:06:39','2018-02-15 11:36:39'),(1040,100005,3,66,87,37,2004,7,'2018-02-15 06:06:39','2018-02-15 11:36:39'),(1041,100001,4,31,65,69,2004,7,'2018-02-15 06:06:39','2018-02-15 11:36:39'),(1042,100002,4,98,30,94,2004,7,'2018-02-15 06:06:39','2018-02-15 11:36:39'),(1043,100003,4,43,60,83,2004,7,'2018-02-15 06:06:39','2018-02-15 11:36:39'),(1044,100004,4,76,79,40,2004,7,'2018-02-15 06:06:39','2018-02-15 11:36:39'),(1045,100005,4,66,43,75,2004,7,'2018-02-15 06:06:39','2018-02-15 11:36:39'),(1046,100001,5,58,51,98,2004,7,'2018-02-15 06:06:39','2018-02-15 11:36:39'),(1047,100002,5,41,92,99,2004,7,'2018-02-15 06:06:39','2018-02-15 11:36:39'),(1048,100003,5,86,56,43,2004,7,'2018-02-15 06:06:39','2018-02-15 11:36:39'),(1049,100004,5,35,90,92,2004,7,'2018-02-15 06:06:39','2018-02-15 11:36:39'),(1050,100005,5,36,35,48,2004,7,'2018-02-15 06:06:39','2018-02-15 11:36:39'),(1051,100001,1,96,57,94,2005,8,'2018-02-15 06:06:39','2018-02-15 11:36:39'),(1052,100002,1,68,41,50,2005,8,'2018-02-15 06:06:39','2018-02-15 11:36:39'),(1053,100003,1,60,83,73,2005,8,'2018-02-15 06:06:39','2018-02-15 11:36:39'),(1054,100004,1,53,81,97,2005,8,'2018-02-15 06:06:39','2018-02-15 11:36:39'),(1055,100005,1,64,81,39,2005,8,'2018-02-15 06:06:39','2018-02-15 11:36:39'),(1056,100001,2,77,82,36,2005,8,'2018-02-15 06:06:39','2018-02-15 11:36:39'),(1057,100002,2,73,57,52,2005,8,'2018-02-15 06:06:39','2018-02-15 11:36:39'),(1058,100003,2,38,35,81,2005,8,'2018-02-15 06:06:39','2018-02-15 11:36:39'),(1059,100004,2,69,46,44,2005,8,'2018-02-15 06:06:39','2018-02-15 11:36:39'),(1060,100005,2,35,95,39,2005,8,'2018-02-15 06:06:39','2018-02-15 11:36:39'),(1061,100001,3,32,70,58,2005,8,'2018-02-15 06:06:39','2018-02-15 11:36:39'),(1062,100002,3,43,48,65,2005,8,'2018-02-15 06:06:39','2018-02-15 11:36:39'),(1063,100003,3,81,38,90,2005,8,'2018-02-15 06:06:39','2018-02-15 11:36:39'),(1064,100004,3,88,90,92,2005,8,'2018-02-15 06:06:39','2018-02-15 11:36:39'),(1065,100005,3,34,95,76,2005,8,'2018-02-15 06:06:39','2018-02-15 11:36:39'),(1066,100001,4,64,69,87,2005,8,'2018-02-15 06:06:39','2018-02-15 11:36:39'),(1067,100002,4,62,38,95,2005,8,'2018-02-15 06:06:39','2018-02-15 11:36:39'),(1068,100003,4,79,49,86,2005,8,'2018-02-15 06:06:39','2018-02-15 11:36:39'),(1069,100004,4,68,33,33,2005,8,'2018-02-15 06:06:39','2018-02-15 11:36:39'),(1070,100005,4,72,39,84,2005,8,'2018-02-15 06:06:39','2018-02-15 11:36:39'),(1071,100001,5,65,77,100,2005,8,'2018-02-15 06:06:39','2018-02-15 11:36:39'),(1072,100002,5,82,90,33,2005,8,'2018-02-15 06:06:39','2018-02-15 11:36:39'),(1073,100003,5,76,44,55,2005,8,'2018-02-15 06:06:39','2018-02-15 11:36:39'),(1074,100004,5,96,76,46,2005,8,'2018-02-15 06:06:39','2018-02-15 11:36:39'),(1075,100005,5,50,75,49,2005,8,'2018-02-15 06:06:39','2018-02-15 11:36:39'),(1076,100001,1,67,84,51,2006,9,'2018-02-15 06:06:39','2018-02-15 11:36:39'),(1077,100002,1,63,68,46,2006,9,'2018-02-15 06:06:39','2018-02-15 11:36:39'),(1078,100003,1,89,96,31,2006,9,'2018-02-15 06:06:39','2018-02-15 11:36:39'),(1079,100004,1,86,74,82,2006,9,'2018-02-15 06:06:39','2018-02-15 11:36:39'),(1080,100005,1,91,49,70,2006,9,'2018-02-15 06:06:39','2018-02-15 11:36:39'),(1081,100001,2,65,90,67,2006,9,'2018-02-15 06:06:39','2018-02-15 11:36:39'),(1082,100002,2,77,38,75,2006,9,'2018-02-15 06:06:39','2018-02-15 11:36:39'),(1083,100003,2,100,99,95,2006,9,'2018-02-15 06:06:39','2018-02-15 11:36:39'),(1084,100004,2,100,37,40,2006,9,'2018-02-15 06:06:39','2018-02-15 11:36:39'),(1085,100005,2,85,69,37,2006,9,'2018-02-15 06:06:39','2018-02-15 11:36:39'),(1086,100001,3,0,0,32,2006,9,'2018-02-15 06:06:39','2018-02-15 11:36:39'),(1087,100002,3,98,34,31,2006,9,'2018-02-15 06:06:39','2018-02-15 11:36:39'),(1088,100003,3,65,83,36,2006,9,'2018-02-15 06:06:39','2018-02-15 11:36:39'),(1089,100004,3,82,75,67,2006,9,'2018-02-15 06:06:39','2018-02-15 11:36:39'),(1090,100005,3,93,78,39,2006,9,'2018-02-15 06:06:39','2018-02-15 11:36:39'),(1091,100001,4,83,75,59,2006,9,'2018-02-15 06:06:39','2018-02-15 11:36:39'),(1092,100002,4,81,56,30,2006,9,'2018-02-15 06:06:39','2018-02-15 11:36:39'),(1093,100003,4,94,60,68,2006,9,'2018-02-15 06:06:39','2018-02-15 11:36:39'),(1094,100004,4,59,92,47,2006,9,'2018-02-15 06:06:39','2018-02-15 11:36:39'),(1095,100005,4,76,82,83,2006,9,'2018-02-15 06:06:39','2018-02-15 11:36:39'),(1096,100001,5,73,70,87,2006,9,'2018-02-15 06:06:39','2018-02-15 11:36:39'),(1097,100002,5,50,52,36,2006,9,'2018-02-15 06:06:39','2018-02-15 11:36:39'),(1098,100003,5,57,96,88,2006,9,'2018-02-15 06:06:39','2018-02-15 11:36:39'),(1099,100004,5,54,77,51,2006,9,'2018-02-15 06:06:39','2018-02-15 11:36:39'),(1100,100005,5,86,66,91,2006,9,'2018-02-15 06:06:39','2018-02-15 11:36:39'),(1101,100001,1,0,0,0,2007,10,'2018-02-15 06:06:39','2018-02-15 11:36:39'),(1102,100002,1,93,31,79,2007,10,'2018-02-15 06:06:39','2018-02-15 11:36:39'),(1103,100003,1,81,92,69,2007,10,'2018-02-15 06:06:39','2018-02-15 11:36:39'),(1104,100004,1,32,31,76,2007,10,'2018-02-15 06:06:39','2018-02-15 11:36:39'),(1105,100005,1,82,65,87,2007,10,'2018-02-15 06:06:39','2018-02-15 11:36:39'),(1106,100001,2,62,80,36,2007,10,'2018-02-15 06:06:39','2018-02-15 11:36:39'),(1107,100002,2,34,49,87,2007,10,'2018-02-15 06:06:39','2018-02-15 11:36:39'),(1108,100003,2,95,89,89,2007,10,'2018-02-15 06:06:39','2018-02-15 11:36:39'),(1109,100004,2,50,46,76,2007,10,'2018-02-15 06:06:39','2018-02-15 11:36:39'),(1110,100005,2,86,87,84,2007,10,'2018-02-15 06:06:39','2018-02-15 11:36:39'),(1111,100001,3,91,64,80,2007,10,'2018-02-15 06:06:39','2018-02-15 11:36:39'),(1112,100002,3,52,60,94,2007,10,'2018-02-15 06:06:39','2018-02-15 11:36:39'),(1113,100003,3,50,81,58,2007,10,'2018-02-15 06:06:39','2018-02-15 11:36:39'),(1114,100004,3,65,39,46,2007,10,'2018-02-15 06:06:39','2018-02-15 11:36:39'),(1115,100005,3,44,79,91,2007,10,'2018-02-15 06:06:39','2018-02-15 11:36:39'),(1116,100001,4,55,96,55,2007,10,'2018-02-15 06:06:39','2018-02-15 11:36:39'),(1117,100002,4,82,67,94,2007,10,'2018-02-15 06:06:39','2018-02-15 11:36:39'),(1118,100003,4,85,76,47,2007,10,'2018-02-15 06:06:39','2018-02-15 11:36:39'),(1119,100004,4,79,89,89,2007,10,'2018-02-15 06:06:39','2018-02-15 11:36:39'),(1120,100005,4,72,56,57,2007,10,'2018-02-15 06:06:39','2018-02-15 11:36:39'),(1121,100001,5,93,52,41,2007,10,'2018-02-15 06:06:39','2018-02-15 11:36:39'),(1122,100002,5,42,63,75,2007,10,'2018-02-15 06:06:39','2018-02-15 11:36:39'),(1123,100003,5,88,31,43,2007,10,'2018-02-15 06:06:39','2018-02-15 11:36:39'),(1124,100004,5,57,36,67,2007,10,'2018-02-15 06:06:39','2018-02-15 11:36:39'),(1125,100005,5,87,99,93,2007,10,'2018-02-15 06:06:39','2018-02-15 11:36:39');
/*!40000 ALTER TABLE `marks` ENABLE KEYS */;
UNLOCK TABLES;

--
-- Table structure for table `medals`
--

DROP TABLE IF EXISTS `medals`;
/*!40101 SET @saved_cs_client     = @@character_set_client */;
/*!40101 SET character_set_client = utf8 */;
CREATE TABLE `medals` (
  `id` bigint(19) NOT NULL AUTO_INCREMENT,
  `student_id` bigint(19) NOT NULL,
  `game_id` bigint(19) NOT NULL,
  `medal_won` varchar(10) DEFAULT NULL,
  `year` int(11) DEFAULT NULL,
  `grade` int(11) DEFAULT NULL,
  `created_at` timestamp NOT NULL DEFAULT CURRENT_TIMESTAMP,
  `updated_at` datetime DEFAULT CURRENT_TIMESTAMP ON UPDATE CURRENT_TIMESTAMP,
  PRIMARY KEY (`id`),
  KEY `fk_medals_student_id` (`student_id`),
  CONSTRAINT `fk_medals_student_id` FOREIGN KEY (`student_id`) REFERENCES `students` (`id`) ON DELETE CASCADE
) ENGINE=InnoDB AUTO_INCREMENT=114 DEFAULT CHARSET=latin1;
/*!40101 SET character_set_client = @saved_cs_client */;

--
-- Dumping data for table `medals`
--

LOCK TABLES `medals` WRITE;
/*!40000 ALTER TABLE `medals` DISABLE KEYS */;
INSERT INTO `medals` VALUES (101,100003,5,'gold',2003,6,'2018-02-15 06:06:43','2018-02-15 11:36:43'),(102,100001,5,'silver',2003,6,'2018-02-15 06:06:43','2018-02-15 11:36:43'),(103,100002,4,'silver',2003,6,'2018-02-15 06:06:43','2018-02-15 11:36:43'),(104,100003,1,'gold',2003,6,'2018-02-15 06:06:43','2018-02-15 11:36:43'),(105,100003,3,'bronze',2004,7,'2018-02-15 06:06:43','2018-02-15 11:36:43'),(106,100003,4,'silver',2004,7,'2018-02-15 06:06:43','2018-02-15 11:36:43'),(107,100002,2,'silver',2004,7,'2018-02-15 06:06:43','2018-02-15 11:36:43'),(108,100002,4,'bronze',2004,7,'2018-02-15 06:06:43','2018-02-15 11:36:43'),(109,100002,5,'gold',2004,7,'2018-02-15 06:06:43','2018-02-15 11:36:43'),(110,100003,3,'bronze',2005,8,'2018-02-15 06:06:43','2018-02-15 11:36:43'),(111,100001,2,'gold',2005,8,'2018-02-15 06:06:43','2018-02-15 11:36:43'),(112,100001,3,'bronze',2005,8,'2018-02-15 06:06:43','2018-02-15 11:36:43'),(113,100001,4,'bronze',2005,8,'2018-02-15 06:06:43','2018-02-15 11:36:43');
/*!40000 ALTER TABLE `medals` ENABLE KEYS */;
UNLOCK TABLES;

--
-- Table structure for table `students`
--

DROP TABLE IF EXISTS `students`;
/*!40101 SET @saved_cs_client     = @@character_set_client */;
/*!40101 SET character_set_client = utf8 */;
CREATE TABLE `students` (
  `id` bigint(19) NOT NULL AUTO_INCREMENT,
  `name` varchar(100) DEFAULT NULL,
  `created_at` timestamp NOT NULL DEFAULT CURRENT_TIMESTAMP,
  `updated_at` datetime DEFAULT CURRENT_TIMESTAMP ON UPDATE CURRENT_TIMESTAMP,
  PRIMARY KEY (`id`)
) ENGINE=InnoDB AUTO_INCREMENT=100007 DEFAULT CHARSET=latin1;
/*!40101 SET character_set_client = @saved_cs_client */;

--
-- Dumping data for table `students`
--

LOCK TABLES `students` WRITE;
/*!40000 ALTER TABLE `students` DISABLE KEYS */;
INSERT INTO `students` VALUES (100001,'Thor','2018-02-15 06:05:58','2018-02-15 11:35:58'),(100002,'Hulk','2018-02-15 06:05:58','2018-02-15 11:35:58'),(100003,'Daredevil','2018-02-15 06:05:58','2018-02-15 11:35:58'),(100004,'X Man','2018-02-15 06:05:58','2018-02-15 11:35:58'),(100005,'Ironman','2018-02-15 06:05:58','2018-02-15 11:35:58'),(100006,'Quicksilver','2018-02-15 06:05:58','2018-02-15 11:35:58');
/*!40000 ALTER TABLE `students` ENABLE KEYS */;
UNLOCK TABLES;

--
-- Table structure for table `students_summary`
--

DROP TABLE IF EXISTS `students_summary`;
/*!40101 SET @saved_cs_client     = @@character_set_client */;
/*!40101 SET character_set_client = utf8 */;
CREATE TABLE `students_summary` (
  `student_id` int(11) DEFAULT NULL,
  `student_name` text,
  `year` int(4) DEFAULT NULL,
  `percentage` varchar(3) DEFAULT NULL,
  `no_of_medals` int(5) DEFAULT NULL
) ENGINE=InnoDB DEFAULT CHARSET=latin1;
/*!40101 SET character_set_client = @saved_cs_client */;

--
-- Dumping data for table `students_summary`
--

LOCK TABLES `students_summary` WRITE;
/*!40000 ALTER TABLE `students_summary` DISABLE KEYS */;
INSERT INTO `students_summary` VALUES (100001,'Thor',2003,'85%',1),(100001,'Thor',2004,'62%',0),(100001,'Thor',2005,'75%',3),(100001,'Thor',2006,'59%',0),(100001,'Thor',2007,'42%',0),(100002,'Hulk',2003,'59%',1),(100002,'Hulk',2004,'93%',3),(100002,'Hulk',2005,'59%',0),(100002,'Hulk',2006,'44%',0),(100002,'Hulk',2007,'86%',0),(100003,'Daredevil',2003,'93%',2),(100003,'Daredevil',2004,'64%',2),(100003,'Daredevil',2005,'77%',1),(100003,'Daredevil',2006,'64%',0),(100003,'Daredevil',2007,'61%',0),(100004,'X Man',2003,'52%',0),(100004,'X Man',2004,'61%',0),(100004,'X Man',2005,'62%',0),(100004,'X Man',2006,'57%',0),(100004,'X Man',2007,'71%',0),(100005,'Ironman',2003,'65%',0),(100005,'Ironman',2004,'57%',0),(100005,'Ironman',2005,'57%',0),(100005,'Ironman',2006,'64%',0),(100005,'Ironman',2007,'82%',0);
/*!40000 ALTER TABLE `students_summary` ENABLE KEYS */;
UNLOCK TABLES;
/*!40103 SET TIME_ZONE=@OLD_TIME_ZONE */;

/*!40101 SET SQL_MODE=@OLD_SQL_MODE */;
/*!40014 SET FOREIGN_KEY_CHECKS=@OLD_FOREIGN_KEY_CHECKS */;
/*!40014 SET UNIQUE_CHECKS=@OLD_UNIQUE_CHECKS */;
/*!40101 SET CHARACTER_SET_CLIENT=@OLD_CHARACTER_SET_CLIENT */;
/*!40101 SET CHARACTER_SET_RESULTS=@OLD_CHARACTER_SET_RESULTS */;
/*!40101 SET COLLATION_CONNECTION=@OLD_COLLATION_CONNECTION */;
/*!40111 SET SQL_NOTES=@OLD_SQL_NOTES */;

-- Dump completed on 2018-02-15 18:33:52
